{
  "loss": [
    0.008670155890285969,
    0.003108388977125287,
    0.0024625486694276333,
    0.0024221260100603104,
    0.0020858922507613897,
    0.0018525163177400827,
    0.0017887391149997711,
    0.0014831286389380693,
    0.0014051517937332392
  ],
  "val_loss": [
    0.00842006504535675,
    0.013312214985489845,
    0.002976236864924431,
    0.004550757352262735,
    0.007773895747959614,
    0.00218012323603034,
    0.0051859538070857525,
    0.002260917564854026,
    0.002834093291312456
  ]
}