{
  "loss": [
    0.0014520242111757398,
    0.0013931961730122566,
    0.0014386809198185802,
    0.0014837272465229034,
    0.0013968759449198842,
    0.0014004806289449334,
    0.0013748514465987682,
    0.0012981569161638618,
    0.0012963032349944115,
    0.0012942383764311671
  ],
  "val_loss": [
    0.015361136756837368,
    0.006355019751936197,
    0.011436285451054573,
    0.008968150243163109,
    0.008598183281719685,
    0.007471354212611914,
    0.010334556922316551,
    0.003201328683644533,
    0.004811061546206474,
    0.01301397942006588
  ]
}