{
  "loss": [
    0.01069298479706049,
    0.0031349980272352695,
    0.002474928507581353,
    0.002470372710376978,
    0.002291362499818206,
    0.001829786691814661,
    0.0020224633626639843,
    0.0016413253033533692,
    0.001368943601846695,
    0.0013315307442098856
  ],
  "val_loss": [
    0.010247507132589817,
    0.006651872303336859,
    0.0069273123517632484,
    0.0022293494548648596,
    0.006232467945665121,
    0.0038314079865813255,
    0.001771761104464531,
    0.003916779067367315,
    0.0030018489342182875,
    0.003974866587668657
  ]
}