{
  "loss": [
    0.004999004304409027,
    0.0028603996615856886,
    0.0026963006239384413,
    0.0028560245409607887,
    0.002668076427653432,
    0.0027032820507884026,
    0.0026344507932662964,
    0.002258548280224204,
    0.002124152844771743,
    0.0020207613706588745
  ],
  "val_loss": [
    0.006653717253357172,
    0.004423095379024744,
    0.003166538430377841,
    0.005164689850062132,
    0.001964896684512496,
    0.0027483245357871056,
    0.01409740000963211,
    0.0018524028128013015,
    0.0021424363367259502,
    0.00408867746591568
  ]
}