{
  "loss": [
    0.009130854159593582,
    0.002982751000672579,
    0.002499294001609087,
    0.0021541398018598557,
    0.0019761824514716864,
    0.0015345349675044417,
    0.0015726855490356684,
    0.0015466727782040834,
    0.0013913760194554925,
    0.0011899064993485808
  ],
  "val_loss": [
    0.02071123570203781,
    0.010039289481937885,
    0.004071633331477642,
    0.0023923665285110474,
    0.0024929698556661606,
    0.0014906006399542093,
    0.0017321024788543582,
    0.0013774387771263719,
    0.0034212928730994463,
    0.0013061810750514269
  ]
}