{
  "loss": [
    0.008320138789713383,
    0.00281389057636261,
    0.0024656658060848713,
    0.0020646778866648674,
    0.0017580199055373669,
    0.0015815070364624262,
    0.0013807263458147645,
    0.0015181123744696379,
    0.0015511860838159919,
    0.001399152330122888
  ],
  "val_loss": [
    0.01012889202684164,
    0.0028886673972010612,
    0.003082497511059046,
    0.01218890119343996,
    0.00282224896363914,
    0.0020555953960865736,
    0.005668881349265575,
    0.0022961683571338654,
    0.0018038640264421701,
    0.0038501352537423372
  ]
}