{
  "loss": [
    0.006470758467912674,
    0.0026579867117106915,
    0.002234445419162512,
    0.001948524615727365,
    0.0017198281129822135,
    0.0016416733851656318,
    0.0014198408462107182,
    0.001524331164546311,
    0.0012999448226764798,
    0.0014805577229708433
  ],
  "val_loss": [
    0.007826077751815319,
    0.006486254744231701,
    0.005113029852509499,
    0.004527634475380182,
    0.0029557642992585897,
    0.0028250892646610737,
    0.0024471916258335114,
    0.0034929723478853703,
    0.0020987854804843664,
    0.001468914793804288
  ]
}