{
  "loss": [
    0.009367387741804123,
    0.0028744256123900414,
    0.002496364526450634,
    0.002207893179729581,
    0.002099625999107957,
    0.001916108070872724,
    0.001731723896227777,
    0.0015771680045872927,
    0.001333747641183436,
    0.0013558120699599385
  ],
  "val_loss": [
    0.007831208407878876,
    0.0035391009878367186,
    0.0037616367917507887,
    0.0026261783204972744,
    0.002761914860457182,
    0.002895416459068656,
    0.002463514916598797,
    0.009260762482881546,
    0.002394658513367176,
    0.003535871859639883
  ]
}