{
  "loss": [
    0.0025079345796257257,
    0.0020238072611391544,
    0.0021491420920938253,
    0.0023705721832811832,
    0.0019601983949542046,
    0.002021560212597251,
    0.0020379340276122093,
    0.0017122880090028048,
    0.0016814757836982608,
    0.0016042201314121485
  ],
  "val_loss": [
    0.011231271550059319,
    0.0018268905114382505,
    0.002482569543644786,
    0.00570991775020957,
    0.0031995174940675497,
    0.0028216945938766003,
    0.01020594872534275,
    0.001788352383300662,
    0.002289232099428773,
    0.005366895347833633
  ]
}