{
  "version": 3,
  "model_path": "models\\v3\\model.keras",
  "scaler_x": "models\\v3\\scaler_x.pkl",
  "scaler_y": "models\\v3\\scaler_y.pkl",
  "timestamp": "2025-09-16 21:36:01",
  "config": {
    "EPOCHS": 10,
    "BATCH_SIZE": 32,
    "PRE_DAY": 30
  },
  "metrics": {
    "RMSE": 6091.905679091573,
    "MAE": 5118.361811286406,
    "MAPE": 4.870188320794071,
    "R2": 0.768193528061715
  }
}