{
  "loss": [
    0.009348670020699501,
    0.002747114049270749,
    0.002640128368511796,
    0.0021943130996078253,
    0.0022669928148388863,
    0.002176500391215086,
    0.0016436376608908176,
    0.0013827787479385734,
    0.0015770624158903956,
    0.0014550302876159549
  ],
  "val_loss": [
    0.011576439253985882,
    0.01013361569494009,
    0.010560262948274612,
    0.0025186887942254543,
    0.0020225311163812876,
    0.002623203443363309,
    0.0035066513810306787,
    0.00152609555516392,
    0.0012615062296390533,
    0.0020680450834333897
  ]
}