{
  "loss": [
    0.0013349337968975306,
    0.0013468260876834393,
    0.0011975376401096582,
    0.001223831088282168,
    0.0012728360015898943,
    0.0012668570270761847,
    0.001226994558237493,
    0.0011778619373217225,
    0.0012089728843420744,
    0.0012321624672040343
  ],
  "val_loss": [
    0.018234241753816605,
    0.01715303584933281,
    0.01642284169793129,
    0.010726088657975197,
    0.012483840808272362,
    0.009719634428620338,
    0.011137167923152447,
    0.004173116758465767,
    0.007137148641049862,
    0.01686762645840645
  ]
}