{
  "loss": [
    0.008876939304172993,
    0.0027386131696403027,
    0.0026668626815080643,
    0.001976864878088236,
    0.0017192622181028128,
    0.0016350643709301949,
    0.001948289223946631,
    0.0014392266748473048,
    0.0014571871142834425,
    0.0012045357143506408
  ],
  "val_loss": [
    0.009443273767828941,
    0.004443537909537554,
    0.011001952923834324,
    0.0030057374387979507,
    0.0020609803032130003,
    0.0016539007192477584,
    0.004134705290198326,
    0.0015422248980030417,
    0.001532312948256731,
    0.0011289868270978332
  ]
}