{
  "loss": [
    0.011166035197675228,
    0.0031901015900075436,
    0.0028387659694999456,
    0.0026146825402975082,
    0.002220388501882553,
    0.0018096580170094967,
    0.0014835672918707132,
    0.001606147619895637,
    0.001733414246700704,
    0.0012450312497094274
  ],
  "val_loss": [
    0.012666582129895687,
    0.018567966297268867,
    0.00437476160004735,
    0.0024219867773354053,
    0.005393704865127802,
    0.003316364949569106,
    0.0015780112007632852,
    0.0015563283814117312,
    0.002972352085635066,
    0.002072440693154931
  ]
}