{
  "loss": [
    0.0017652753740549088,
    0.0016129984287545085,
    0.001716699916869402,
    0.0018714767647907138,
    0.0015818554675206542,
    0.001607662532478571,
    0.0016185911372303963,
    0.001480479259043932,
    0.001420982531271875,
    0.001398597494699061
  ],
  "val_loss": [
    0.012787733227014542,
    0.002996401395648718,
    0.0038687805645167828,
    0.0071327462792396545,
    0.006343889981508255,
    0.0055898381397128105,
    0.010127231478691101,
    0.0025603503454476595,
    0.003629247425124049,
    0.00859906431287527
  ]
}