{
  "version": 4,
  "model_path": "models\\v4\\model.keras",
  "scaler_x": "models\\v4\\scaler_x.pkl",
  "scaler_y": "models\\v4\\scaler_y.pkl",
  "timestamp": "2025-09-16 21:36:22",
  "config": {
    "EPOCHS": 10,
    "BATCH_SIZE": 32,
    "PRE_DAY": 30
  },
  "metrics": {
    "RMSE": 3648.773784416009,
    "MAE": 2886.4915003033975,
    "MAPE": 2.8526905530357536,
    "R2": 0.9168402655373749
  }
}