{
  "loss": [
    0.01968017779290676,
    0.00530424015596509,
    0.004607957322150469,
    0.00394221767783165,
    0.003822918049991131,
    0.0033421304542571306,
    0.0034408385399729013,
    0.0029862632509320974,
    0.0024505360051989555,
    0.002648890484124422
  ],
  "val_loss": [
    0.023577017709612846,
    0.010449230670928955,
    0.0085143456235528,
    0.016214067116379738,
    0.01234523020684719,
    0.006875904742628336,
    0.012120386585593224,
    0.007932556793093681,
    0.004914858378469944,
    0.010738824494183064
  ]
}