{
  "loss": [
    0.009449813514947891,
    0.0029490115121006966,
    0.0024585877545177937,
    0.002164603676646948,
    0.0018250911962240934,
    0.001934428233653307,
    0.0017224050825461745,
    0.0015616670716553926,
    0.0012387724127620459,
    0.0012446047039702535
  ],
  "val_loss": [
    0.018491106107831,
    0.007120937574654818,
    0.0027726853732019663,
    0.0035832803696393967,
    0.0018325884593650699,
    0.002798316301777959,
    0.005661894101649523,
    0.0015844156732782722,
    0.0014748635003343225,
    0.0019625062122941017
  ]
}