{
  "version": 1,
  "model_path": "models\\v1\\model.keras",
  "scaler_x": "models\\v1\\scaler_x.pkl",
  "scaler_y": "models\\v1\\scaler_y.pkl",
  "timestamp": "2025-09-16 21:35:21",
  "config": {
    "EPOCHS": 10,
    "BATCH_SIZE": 32,
    "PRE_DAY": 30
  },
  "metrics": {
    "RMSE": 4557.454486298254,
    "MAE": 3705.286697512134,
    "MAPE": 3.5447683598080317,
    "R2": 0.8702629864896185
  }
}