{
  "version": 5,
  "model_path": "models\\v5\\model.keras",
  "scaler_x": "models\\v5\\scaler_x.pkl",
  "scaler_y": "models\\v5\\scaler_y.pkl",
  "timestamp": "2025-09-16 21:36:42",
  "config": {
    "EPOCHS": 10,
    "BATCH_SIZE": 32,
    "PRE_DAY": 30
  },
  "metrics": {
    "RMSE": 3764.5512332715716,
    "MAE": 2954.7452305825245,
    "MAPE": 3.002905259339515,
    "R2": 0.9114791368412253
  }
}